pozo_id,x_m,y_m,profundidad_m,unidad_sintetica,as_ug_l,muestra_aleatoria_50,muestra_preferencial_50
S0001,17893.5,64280.5,41.5,Pampeano profundo,11.08,False,False
S0002,63991.3,7718.9,57.9,Arenas Puelches,7.01,False,False
S0003,46726.8,56179.9,51.7,Pampeano profundo,23.97,False,False
S0004,37050.1,46129.6,27.5,Pampeano profundo,17.92,False,False
S0005,35491.7,56744.9,36.3,Pampeano profundo,14.44,False,False
S0006,79051.8,12335.4,40.0,Pampeano profundo,14.75,False,False
S0007,90514.4,77217.4,55.1,Arenas Puelches,17.16,False,False
S0008,17735.3,12437.3,48.5,Pampeano profundo,10.22,False,False
S0009,65278.5,65948.5,34.6,Pampeano profundo,35.67,False,False
S0010,29830.3,733.9,31.2,Pampeano profundo,15.6,False,False
S0011,96696.2,57560.0,52.4,Pampeano profundo,26.31,False,False
S0012,91985.0,24372.5,45.8,Pampeano profundo,16.68,False,False
S0013,63587.1,30274.3,35.7,Pampeano profundo,17.02,False,False
S0014,75273.2,70374.0,41.0,Pampeano profundo,31.51,False,False
S0015,51515.4,31479.4,50.8,Pampeano profundo,14.79,False,False
S0016,82589.5,42715.1,43.0,Pampeano profundo,30.82,False,False
S0017,44838.1,49304.1,41.3,Pampeano profundo,20.78,False,False
S0018,33881.2,927.4,32.1,Pampeano profundo,12.81,False,False
S0019,27789.9,55315.5,47.8,Pampeano profundo,12.99,False,True
S0020,22633.3,75903.6,33.9,Pampeano profundo,12.12,False,False
S0021,52581.7,32136.0,46.8,Pampeano profundo,15.8,False,False
S0022,43091.2,67390.3,44.6,Pampeano profundo,19.58,False,False
S0023,66318.1,18339.9,40.7,Pampeano profundo,13.96,False,False
S0024,1284.0,43682.2,27.5,Pampeano profundo,9.64,False,False
S0025,44770.2,19612.7,41.8,Pampeano profundo,13.47,False,False
S0026,36518.1,16624.4,38.1,Pampeano profundo,13.62,False,False
S0027,19539.8,50943.1,51.9,Pampeano profundo,13.48,False,False
S0028,59486.6,2284.9,34.4,Pampeano profundo,11.26,False,False
S0029,43531.3,79183.5,51.7,Pampeano profundo,14.58,False,False
S0030,29999.2,56090.1,55.5,Arenas Puelches,9.11,False,False
S0031,20941.6,21525.6,47.8,Pampeano profundo,11.1,False,False
S0032,87462.4,48358.1,56.9,Arenas Puelches,27.79,False,False
S0033,79746.2,4399.5,44.0,Pampeano profundo,16.57,False,False
S0034,60671.0,53184.9,50.2,Pampeano profundo,38.97,False,True
S0035,34510.1,67468.8,47.2,Pampeano profundo,14.61,False,False
S0036,94682.0,64625.8,29.6,Pampeano profundo,26.66,False,False
S0037,56337.7,10320.3,40.5,Pampeano profundo,14.5,False,False
S0038,43276.3,11834.4,28.3,Pampeano profundo,13.04,False,False
S0039,90045.0,52656.9,26.1,Pampeano profundo,31.11,False,False
S0040,31934.2,22805.9,41.2,Pampeano profundo,10.04,False,False
S0041,69599.5,74380.1,51.3,Pampeano profundo,24.17,False,False
S0042,31382.0,45676.3,33.5,Pampeano profundo,13.24,False,False
S0043,26155.3,45073.6,47.1,Pampeano profundo,11.48,False,False
S0044,70084.1,60758.2,53.0,Pampeano profundo,39.48,False,False
S0045,22789.2,70620.3,41.7,Pampeano profundo,11.17,False,False
S0046,49311.0,36952.3,37.8,Pampeano profundo,17.54,False,False
S0047,58002.8,44951.1,52.9,Pampeano profundo,27.3,False,False
S0048,18890.6,6209.3,61.3,Arenas Puelches,3.32,False,False
S0049,73124.1,73956.2,22.1,Pampeano somero,31.05,False,False
S0050,54848.3,71553.5,53.2,Pampeano profundo,23.18,False,False
S0051,62150.3,4383.2,31.5,Pampeano profundo,12.9,False,False
S0052,37214.4,28119.3,52.5,Pampeano profundo,13.25,False,False
S0053,42019.3,71432.3,54.9,Pampeano profundo,16.51,False,False
S0054,49483.0,46931.2,39.0,Pampeano profundo,22.39,False,False
S0055,46997.1,25571.6,38.4,Pampeano profundo,12.92,False,False
S0056,67563.9,28256.0,45.8,Pampeano profundo,16.9,False,False
S0057,57717.8,53176.5,46.3,Pampeano profundo,33.24,False,False
S0058,41627.1,55141.3,40.6,Pampeano profundo,20.61,False,False
S0059,180.2,11834.5,51.7,Pampeano profundo,9.26,False,False
S0060,79403.1,35760.1,28.7,Pampeano profundo,25.33,False,True
S0061,51938.4,66780.8,38.2,Pampeano profundo,24.16,False,True
S0062,32654.5,66692.3,49.7,Pampeano profundo,14.52,False,False
S0063,49995.5,55909.4,40.5,Pampeano profundo,25.67,False,False
S0064,9344.6,64672.8,36.1,Pampeano profundo,9.99,False,False
S0065,90470.4,54933.8,45.2,Pampeano profundo,30.97,False,False
S0066,98973.6,66908.1,61.3,Arenas Puelches,17.48,False,False
S0067,5873.5,28447.0,47.0,Pampeano profundo,10.73,False,False
S0068,35823.1,5684.4,26.4,Pampeano profundo,10.1,False,False
S0069,73006.5,7607.1,33.1,Pampeano profundo,14.78,False,False
S0070,31423.8,47486.5,36.8,Pampeano profundo,12.33,False,False
S0071,56705.0,1002.9,43.1,Pampeano profundo,11.95,False,False
S0072,41657.1,67282.1,53.9,Pampeano profundo,16.33,False,False
S0073,77421.2,15184.3,45.9,Pampeano profundo,15.79,False,False
S0074,95846.4,65348.1,65.4,Arenas Puelches,24.36,False,True
S0075,88839.5,28459.6,71.0,Arenas Puelches,12.11,False,False
S0076,62093.5,8527.9,35.0,Pampeano profundo,13.43,False,False
S0077,16027.4,29583.5,42.0,Pampeano profundo,9.32,False,False
S0078,94706.2,727.4,61.8,Arenas Puelches,11.33,False,False
S0079,2363.2,16068.8,41.1,Pampeano profundo,11.61,False,False
S0080,29770.9,11704.3,45.8,Pampeano profundo,9.97,False,False
S0081,28161.3,78052.8,36.0,Pampeano profundo,14.85,False,False
S0082,67182.6,34653.5,39.5,Pampeano profundo,22.55,False,False
S0083,48736.3,43907.4,46.4,Pampeano profundo,20.09,False,False
S0084,9288.9,4482.2,51.2,Pampeano profundo,8.18,False,False
S0085,1285.8,4728.6,25.6,Pampeano profundo,9.9,False,False
S0086,60431.6,48115.9,43.6,Pampeano profundo,33.82,False,False
S0087,49148.3,27028.2,65.6,Arenas Puelches,8.88,False,False
S0088,60138.2,23742.3,43.0,Pampeano profundo,14.68,False,False
S0089,56402.4,13060.7,46.9,Pampeano profundo,12.21,False,False
S0090,89045.9,60659.2,58.4,Arenas Puelches,28.13,False,True
S0091,91839.7,75366.8,56.0,Arenas Puelches,21.97,True,False
S0092,18825.7,29509.4,38.5,Pampeano profundo,10.24,False,False
S0093,94212.1,30097.9,46.8,Pampeano profundo,17.48,False,False
S0094,78772.7,23376.8,65.9,Arenas Puelches,12.04,False,False
S0095,63902.6,13997.3,34.5,Pampeano profundo,14.38,False,False
S0096,65960.7,25158.9,29.8,Pampeano profundo,17.9,False,False
S0097,54606.0,65733.8,58.1,Arenas Puelches,20.16,False,False
S0098,91726.3,6669.8,64.3,Arenas Puelches,10.74,False,False
S0099,23326.3,65575.8,29.4,Pampeano profundo,11.65,False,False
S0100,59931.6,4403.4,56.0,Arenas Puelches,10.12,False,False
S0101,81424.3,43018.4,52.4,Pampeano profundo,32.64,False,False
S0102,13476.1,61321.6,38.6,Pampeano profundo,11.09,False,False
S0103,61550.8,27145.3,47.0,Pampeano profundo,15.17,False,False
S0104,40283.3,70100.6,65.4,Arenas Puelches,15.07,False,False
S0105,76603.6,60991.0,56.6,Arenas Puelches,34.67,False,False
S0106,6771.4,51287.9,46.3,Pampeano profundo,11.74,False,False
S0107,60681.4,28770.4,52.0,Pampeano profundo,15.34,False,False
S0108,85707.9,10899.0,41.6,Pampeano profundo,15.27,False,False
S0109,62834.8,47615.7,42.2,Pampeano profundo,35.89,True,False
S0110,32133.8,16331.1,40.6,Pampeano profundo,9.25,False,False
S0111,65579.6,70338.5,35.8,Pampeano profundo,29.25,False,False
S0112,33815.3,70334.6,48.9,Pampeano profundo,16.53,False,False
S0113,66859.3,39600.8,60.4,Arenas Puelches,21.68,False,False
S0114,12834.4,55192.7,38.9,Pampeano profundo,10.86,False,False
S0115,27999.2,58158.2,32.1,Pampeano profundo,12.79,False,False
S0116,3271.8,27450.0,29.5,Pampeano profundo,8.39,False,False
S0117,8390.9,12285.2,58.7,Arenas Puelches,3.2,False,False
S0118,55477.0,34299.7,38.2,Pampeano profundo,17.73,False,False
S0119,23169.8,40271.6,26.7,Pampeano profundo,10.61,False,False
S0120,51608.3,55457.4,26.9,Pampeano profundo,27.09,False,False
S0121,65957.0,54737.2,40.8,Pampeano profundo,40.61,False,False
S0122,88118.6,4434.5,63.7,Arenas Puelches,8.71,False,False
S0123,35506.1,73759.0,57.8,Arenas Puelches,8.86,False,False
S0124,31867.9,16409.7,49.5,Pampeano profundo,11.07,False,False
S0125,31366.7,18693.8,33.4,Pampeano profundo,12.99,False,False
S0126,11785.0,7128.0,49.9,Pampeano profundo,10.94,False,False
S0127,66318.3,39685.3,44.2,Pampeano profundo,27.9,False,False
S0128,81965.5,73948.9,55.8,Arenas Puelches,20.78,False,False
S0129,47300.5,53012.3,70.4,Arenas Puelches,16.58,False,False
S0130,55829.7,39308.0,42.6,Pampeano profundo,22.51,True,False
S0131,95848.0,68742.5,33.8,Pampeano profundo,22.52,False,False
S0132,69891.5,75965.1,70.0,Arenas Puelches,18.83,False,False
S0133,74503.5,44889.3,45.7,Pampeano profundo,34.37,False,False
S0134,88949.8,63439.5,47.2,Pampeano profundo,30.03,False,False
S0135,21579.1,78622.7,21.7,Pampeano somero,17.82,False,False
S0136,65016.6,2352.9,55.5,Arenas Puelches,8.28,False,False
S0137,71739.5,46806.8,60.1,Arenas Puelches,34.83,False,False
S0138,84222.8,55078.2,52.0,Pampeano profundo,37.76,False,False
S0139,34378.6,43557.0,56.1,Arenas Puelches,8.24,False,False
S0140,68879.5,24289.4,42.4,Pampeano profundo,17.05,True,False
S0141,60440.1,21374.8,62.4,Arenas Puelches,7.88,True,False
S0142,40936.1,70810.1,53.1,Pampeano profundo,19.44,False,False
S0143,10168.6,70459.1,61.3,Arenas Puelches,4.67,False,False
S0144,35304.8,11011.4,23.1,Pampeano somero,16.92,False,False
S0145,96348.5,59545.2,35.5,Pampeano profundo,27.65,False,False
S0146,21652.4,55927.7,52.2,Pampeano profundo,11.37,False,False
S0147,11363.8,36953.7,44.9,Pampeano profundo,9.61,False,False
S0148,36767.9,31800.7,32.4,Pampeano profundo,11.29,False,False
S0149,10098.1,25925.3,41.4,Pampeano profundo,9.68,False,False
S0150,26719.9,57390.9,53.4,Pampeano profundo,13.63,False,False
S0151,91445.6,36197.9,63.7,Arenas Puelches,16.13,False,False
S0152,31878.2,54220.2,46.1,Pampeano profundo,14.64,False,False
S0153,58589.0,55915.8,47.3,Pampeano profundo,35.31,False,False
S0154,23874.5,78495.6,47.7,Pampeano profundo,12.06,False,False
S0155,66798.0,54683.3,46.6,Pampeano profundo,42.25,False,True
S0156,12765.6,6310.1,63.7,Arenas Puelches,4.59,False,False
S0157,78980.9,17733.7,43.5,Pampeano profundo,15.34,False,False
S0158,42294.6,47097.3,44.5,Pampeano profundo,18.99,False,False
S0159,18366.0,1990.8,39.1,Pampeano profundo,9.65,True,False
S0160,75825.0,36278.5,66.9,Arenas Puelches,19.43,False,False
S0161,55428.3,24483.3,39.4,Pampeano profundo,13.7,False,False
S0162,43814.5,14314.9,55.0,Arenas Puelches,7.13,False,False
S0163,24062.6,3649.2,41.4,Pampeano profundo,11.51,False,False
S0164,78136.6,1344.7,43.1,Pampeano profundo,14.24,True,False
S0165,36528.5,13591.6,18.5,Pampeano somero,15.75,False,False
S0166,4309.1,75075.8,38.9,Pampeano profundo,11.1,False,False
S0167,96536.9,26189.5,70.8,Arenas Puelches,11.31,False,False
S0168,3046.5,74988.7,31.1,Pampeano profundo,12.76,False,True
S0169,12046.9,7856.2,8.0,Pampeano somero,16.37,False,False
S0170,46581.3,48321.2,48.1,Pampeano profundo,24.14,False,False
S0171,20785.5,42319.3,27.1,Pampeano profundo,12.55,False,False
S0172,33513.5,50783.0,21.6,Pampeano somero,18.66,False,False
S0173,56756.5,67798.5,39.4,Pampeano profundo,26.24,False,False
S0174,95784.2,31191.2,34.2,Pampeano profundo,18.26,True,False
S0175,93631.2,53226.3,62.5,Arenas Puelches,24.76,False,False
S0176,7389.6,16904.3,42.1,Pampeano profundo,11.19,False,False
S0177,85331.4,62862.8,56.3,Arenas Puelches,26.94,False,True
S0178,16782.4,42756.9,33.0,Pampeano profundo,11.37,False,False
S0179,81143.3,6430.0,47.0,Pampeano profundo,14.78,False,False
S0180,29634.7,23439.1,35.3,Pampeano profundo,11.43,False,False
S0181,71783.4,10785.7,50.1,Pampeano profundo,14.91,False,False
S0182,71879.3,59616.3,20.0,Pampeano somero,45.4,False,True
S0183,85055.1,32304.6,47.9,Pampeano profundo,22.01,False,False
S0184,97962.6,41867.9,62.2,Arenas Puelches,17.81,False,False
S0185,27548.1,48759.2,61.8,Arenas Puelches,7.38,False,False
S0186,62830.8,29822.5,55.5,Arenas Puelches,12.96,False,False
S0187,73926.1,78876.6,48.6,Pampeano profundo,21.81,False,False
S0188,7962.9,60237.8,18.5,Pampeano somero,15.86,False,False
S0189,66296.1,51879.8,47.8,Pampeano profundo,40.7,False,False
S0190,32151.6,12163.8,18.3,Pampeano somero,14.58,False,False
S0191,16146.9,29679.0,29.1,Pampeano profundo,9.79,False,False
S0192,54947.2,30332.4,42.0,Pampeano profundo,15.8,False,False
S0193,46188.4,56299.4,40.2,Pampeano profundo,22.04,False,False
S0194,57708.0,6509.6,55.5,Arenas Puelches,7.26,False,False
S0195,64191.8,11196.8,42.2,Pampeano profundo,11.92,False,False
S0196,49866.9,63529.0,28.7,Pampeano profundo,24.26,False,False
S0197,90515.1,30588.8,42.9,Pampeano profundo,20.9,False,False
S0198,17791.4,23952.9,30.9,Pampeano profundo,9.35,False,False
S0199,28879.2,8404.0,54.3,Pampeano profundo,10.53,True,False
S0200,35622.2,6768.2,24.5,Pampeano somero,15.09,False,False
S0201,77438.2,33517.9,41.3,Pampeano profundo,22.61,False,False
S0202,65209.8,36798.0,56.7,Arenas Puelches,19.08,False,False
S0203,20642.3,77592.9,30.0,Pampeano profundo,14.2,False,False
S0204,74444.2,53153.6,51.4,Pampeano profundo,41.64,True,False
S0205,77153.7,17763.3,47.5,Pampeano profundo,16.01,False,False
S0206,77024.1,54660.0,43.0,Pampeano profundo,41.12,False,False
S0207,7837.3,1023.2,17.7,Pampeano somero,12.77,False,False
S0208,21213.9,59564.7,40.8,Pampeano profundo,12.18,False,False
S0209,89538.5,25016.1,42.4,Pampeano profundo,15.76,False,False
S0210,87943.2,54355.9,51.8,Pampeano profundo,33.36,False,False
S0211,20557.3,76429.8,22.8,Pampeano somero,18.66,True,False
S0212,55137.6,79126.8,50.8,Pampeano profundo,17.83,False,False
S0213,26268.3,44402.0,48.9,Pampeano profundo,10.87,False,False
S0214,41628.5,5585.7,59.7,Arenas Puelches,4.97,False,False
S0215,2094.5,4941.6,32.3,Pampeano profundo,8.14,False,False
S0216,28176.0,21700.4,32.9,Pampeano profundo,10.25,False,False
S0217,27068.1,7539.6,52.0,Pampeano profundo,10.2,False,False
S0218,91913.0,23028.8,36.3,Pampeano profundo,14.83,False,False
S0219,58797.0,70848.1,34.6,Pampeano profundo,24.35,False,False
S0220,17751.6,24595.0,36.3,Pampeano profundo,9.29,False,True
S0221,42756.5,26351.4,29.4,Pampeano profundo,13.84,False,False
S0222,49293.6,66482.0,61.1,Arenas Puelches,18.21,False,True
S0223,63736.0,60875.1,57.1,Arenas Puelches,32.9,False,False
S0224,53244.8,25811.3,18.2,Pampeano somero,17.75,False,False
S0225,42099.3,40189.7,17.2,Pampeano somero,21.97,False,False
S0226,31079.3,44808.8,33.9,Pampeano profundo,14.93,False,False
S0227,57500.0,57830.8,50.8,Pampeano profundo,32.1,False,False
S0228,97583.2,10715.7,57.9,Arenas Puelches,11.27,False,False
S0229,55298.7,60278.2,61.5,Arenas Puelches,25.44,False,False
S0230,88701.2,7766.2,52.0,Pampeano profundo,14.64,False,False
S0231,1527.2,46968.8,25.3,Pampeano profundo,9.81,True,False
S0232,20309.7,75616.4,45.5,Pampeano profundo,11.57,False,False
S0233,86476.8,13715.7,34.5,Pampeano profundo,15.47,False,False
S0234,56947.3,61965.2,34.8,Pampeano profundo,30.46,False,False
S0235,48755.8,31311.3,24.5,Pampeano somero,20.37,False,False
S0236,36880.4,18640.9,31.6,Pampeano profundo,14.98,False,False
S0237,29526.6,41095.1,34.0,Pampeano profundo,11.34,False,False
S0238,67883.0,15244.2,39.2,Pampeano profundo,15.89,False,False
S0239,36573.5,35616.6,63.6,Arenas Puelches,8.2,False,False
S0240,43523.5,46875.4,44.4,Pampeano profundo,18.53,False,False
S0241,77684.8,61663.1,51.5,Pampeano profundo,37.28,False,False
S0242,94618.3,65117.8,51.2,Pampeano profundo,27.66,False,False
S0243,99365.7,71070.7,68.9,Arenas Puelches,15.97,False,False
S0244,48491.5,38890.1,32.4,Pampeano profundo,17.21,False,False
S0245,13816.9,73158.4,48.7,Pampeano profundo,11.42,False,False
S0246,2492.4,71691.7,28.0,Pampeano profundo,10.37,False,False
S0247,49465.7,39096.5,42.3,Pampeano profundo,17.87,False,False
S0248,7635.5,8761.9,44.9,Pampeano profundo,11.09,False,False
S0249,11771.3,29173.0,23.2,Pampeano somero,15.72,False,False
S0250,23483.9,59664.7,36.2,Pampeano profundo,17.6,True,False
S0251,99199.3,44833.3,50.0,Pampeano profundo,22.25,False,False
S0252,16222.9,14980.6,46.0,Pampeano profundo,8.77,False,False
S0253,11013.2,68892.5,36.6,Pampeano profundo,15.15,False,False
S0254,91592.4,51673.2,82.8,Arenas Puelches,24.35,False,False
S0255,62207.0,10277.7,68.0,Arenas Puelches,8.52,False,False
S0256,73990.1,65608.7,20.5,Pampeano somero,40.52,False,False
S0257,35473.3,41170.8,43.7,Pampeano profundo,13.45,False,True
S0258,93383.3,28603.4,55.9,Arenas Puelches,11.81,False,False
S0259,97610.1,41893.2,53.8,Pampeano profundo,21.84,False,False
S0260,55845.6,43217.3,61.4,Arenas Puelches,24.41,False,False
S0261,98684.0,78244.4,15.5,Pampeano somero,25.69,False,False
S0262,50579.4,54766.3,31.2,Pampeano profundo,28.76,False,False
S0263,43974.0,21893.4,61.8,Arenas Puelches,6.76,False,False
S0264,78543.4,33363.8,62.0,Arenas Puelches,17.36,False,False
S0265,64424.8,8950.8,73.2,Arenas Puelches,9.22,False,False
S0266,20053.0,28395.3,60.3,Arenas Puelches,6.39,False,False
S0267,51493.9,64589.7,28.8,Pampeano profundo,24.28,False,False
S0268,1645.9,32341.5,50.6,Pampeano profundo,9.23,False,False
S0269,87566.0,64769.5,45.1,Pampeano profundo,32.66,False,False
S0270,54244.6,25192.6,47.0,Pampeano profundo,14.82,False,False
S0271,4618.7,49840.6,39.2,Pampeano profundo,8.59,False,False
S0272,93775.9,5881.9,43.7,Pampeano profundo,14.82,False,False
S0273,99943.6,10688.7,44.0,Pampeano profundo,15.1,False,False
S0274,73730.5,32704.3,56.1,Arenas Puelches,15.25,False,False
S0275,43132.3,73341.4,36.6,Pampeano profundo,17.8,False,False
S0276,59141.9,56959.1,47.7,Pampeano profundo,36.47,False,False
S0277,1023.2,17628.6,43.9,Pampeano profundo,7.71,False,False
S0278,10844.9,23802.2,32.9,Pampeano profundo,9.18,False,False
S0279,33099.9,3588.3,38.5,Pampeano profundo,14.43,False,False
S0280,41126.9,51312.1,56.7,Arenas Puelches,12.85,False,False
S0281,75594.9,75778.6,26.7,Pampeano profundo,24.68,False,False
S0282,17073.0,51380.5,32.0,Pampeano profundo,11.69,False,False
S0283,11610.5,60436.4,23.3,Pampeano somero,18.29,False,False
S0284,69746.4,30381.6,49.0,Pampeano profundo,20.2,False,False
S0285,88803.2,62404.9,81.1,Arenas Puelches,28.22,False,False
S0286,87966.7,39173.1,33.8,Pampeano profundo,24.03,False,False
S0287,74191.6,56820.8,61.6,Arenas Puelches,38.76,False,False
S0288,98356.7,20694.3,66.8,Arenas Puelches,11.63,False,False
S0289,52209.2,56377.7,18.6,Pampeano somero,31.94,False,False
S0290,77446.9,18698.2,31.2,Pampeano profundo,16.11,False,False
S0291,41717.7,26863.5,42.8,Pampeano profundo,18.6,False,False
S0292,35325.6,22755.7,30.4,Pampeano profundo,11.89,False,True
S0293,91082.2,35033.8,52.3,Pampeano profundo,22.79,False,False
S0294,43070.7,17237.4,59.6,Arenas Puelches,6.68,False,False
S0295,74647.1,48330.6,55.4,Arenas Puelches,32.84,False,False
S0296,49702.3,51649.8,41.6,Pampeano profundo,25.58,False,False
S0297,11221.3,18219.1,46.2,Pampeano profundo,8.36,False,False
S0298,12687.6,61737.5,43.7,Pampeano profundo,11.01,True,True
S0299,51012.3,53128.4,28.9,Pampeano profundo,30.27,False,False
S0300,70767.8,76658.9,39.3,Pampeano profundo,22.28,False,False
S0301,74248.4,69248.6,52.5,Pampeano profundo,32.18,False,False
S0302,33569.7,75732.6,41.2,Pampeano profundo,14.8,False,False
S0303,921.1,73752.4,42.0,Pampeano profundo,11.19,False,False
S0304,53335.6,72489.3,55.1,Arenas Puelches,15.59,False,False
S0305,18956.7,78698.2,11.2,Pampeano somero,17.68,False,False
S0306,32012.0,76431.8,59.6,Arenas Puelches,7.87,False,False
S0307,56644.9,28524.0,21.9,Pampeano somero,23.75,False,False
S0308,39183.3,10598.0,42.8,Pampeano profundo,11.52,False,False
S0309,45900.2,74418.1,45.3,Pampeano profundo,19.52,False,False
S0310,5045.9,25019.1,36.8,Pampeano profundo,8.81,False,False
S0311,18301.5,69238.2,42.4,Pampeano profundo,13.39,False,False
S0312,84189.6,79644.5,41.3,Pampeano profundo,22.54,False,False
S0313,51188.1,49695.5,35.4,Pampeano profundo,24.49,False,True
S0314,88511.8,22919.3,47.4,Pampeano profundo,19.57,False,False
S0315,85730.1,53122.0,50.3,Pampeano profundo,42.53,False,False
S0316,19317.0,67595.6,32.0,Pampeano profundo,13.82,False,False
S0317,39959.7,13620.2,46.6,Pampeano profundo,10.28,False,False
S0318,52577.8,70165.1,33.9,Pampeano profundo,21.31,False,False
S0319,9751.5,57499.7,32.1,Pampeano profundo,9.11,False,False
S0320,8535.6,73855.6,36.1,Pampeano profundo,10.55,False,False
S0321,84148.7,27667.2,53.4,Pampeano profundo,21.57,False,False
S0322,82671.4,72829.2,44.1,Pampeano profundo,28.08,False,False
S0323,38328.9,14733.7,47.2,Pampeano profundo,10.47,False,False
S0324,70658.5,58092.9,65.7,Arenas Puelches,35.74,False,False
S0325,51793.3,74474.3,38.4,Pampeano profundo,18.82,False,False
S0326,74765.4,44180.0,62.5,Arenas Puelches,31.48,False,False
S0327,31518.5,12048.0,25.8,Pampeano profundo,11.44,False,False
S0328,47403.6,76917.4,51.3,Pampeano profundo,19.75,False,False
S0329,89295.6,46979.1,46.3,Pampeano profundo,29.51,False,False
S0330,81664.4,22028.3,73.0,Arenas Puelches,11.44,False,False
S0331,30996.4,73571.2,35.5,Pampeano profundo,12.97,False,False
S0332,88177.1,66121.2,38.4,Pampeano profundo,29.38,False,False
S0333,39871.9,75068.0,55.3,Arenas Puelches,10.05,False,False
S0334,68238.0,51767.9,51.0,Pampeano profundo,40.52,False,False
S0335,71151.1,17503.9,47.3,Pampeano profundo,15.52,False,False
S0336,40168.5,47863.2,13.7,Pampeano somero,21.38,False,False
S0337,82709.4,40646.7,52.5,Pampeano profundo,28.32,False,False
S0338,46535.2,40613.2,42.1,Pampeano profundo,17.12,False,True
S0339,96068.9,1148.1,50.3,Pampeano profundo,17.46,False,False
S0340,93669.9,20582.8,39.7,Pampeano profundo,19.74,False,False
S0341,90026.5,21547.2,64.2,Arenas Puelches,15.4,False,False
S0342,90835.3,7043.6,48.5,Pampeano profundo,16.54,False,False
S0343,14704.7,30297.1,36.5,Pampeano profundo,10.11,False,False
S0344,64833.4,35901.7,26.8,Pampeano profundo,22.42,False,False
S0345,74111.5,54879.6,44.2,Pampeano profundo,41.63,False,False
S0346,52875.9,41571.9,30.9,Pampeano profundo,22.23,False,False
S0347,52922.1,36301.8,60.4,Arenas Puelches,12.71,False,True
S0348,20143.1,11696.5,43.0,Pampeano profundo,10.96,False,False
S0349,16078.7,18883.5,32.3,Pampeano profundo,10.13,False,False
S0350,78313.4,25623.2,44.8,Pampeano profundo,16.1,False,False
S0351,14960.6,11879.6,56.8,Arenas Puelches,4.17,False,False
S0352,72819.7,20575.5,48.0,Pampeano profundo,16.7,False,False
S0353,7706.8,32335.7,38.4,Pampeano profundo,11.56,False,False
S0354,41225.2,18449.9,64.8,Arenas Puelches,7.21,False,False
S0355,2401.1,20413.6,42.3,Pampeano profundo,9.69,False,False
S0356,66037.3,62694.3,56.4,Arenas Puelches,32.54,False,True
S0357,29291.6,29016.9,36.9,Pampeano profundo,10.94,False,False
S0358,46770.0,30592.4,38.6,Pampeano profundo,14.65,False,False
S0359,28644.9,62569.0,51.2,Pampeano profundo,13.61,False,False
S0360,51577.4,61459.1,43.2,Pampeano profundo,25.38,False,False
S0361,65764.7,57310.9,49.8,Pampeano profundo,40.53,False,False
S0362,16691.3,46502.3,38.8,Pampeano profundo,11.06,False,False
S0363,77704.9,5062.4,46.9,Pampeano profundo,14.75,False,False
S0364,78251.5,68801.7,45.4,Pampeano profundo,31.69,False,False
S0365,94216.6,50154.9,33.1,Pampeano profundo,28.05,False,False
S0366,38069.5,75226.9,57.8,Arenas Puelches,8.47,False,False
S0367,87313.1,14487.5,40.9,Pampeano profundo,20.75,False,False
S0368,9368.5,9356.7,24.4,Pampeano somero,14.97,False,False
S0369,99390.6,72170.2,50.5,Pampeano profundo,22.47,False,False
S0370,21220.7,25225.8,32.3,Pampeano profundo,13.88,False,False
S0371,37384.9,76782.3,57.2,Arenas Puelches,11.33,False,False
S0372,9350.3,60501.8,46.4,Pampeano profundo,11.65,False,False
S0373,83514.2,17996.9,40.6,Pampeano profundo,16.63,False,False
S0374,48593.3,50126.9,32.8,Pampeano profundo,26.55,False,False
S0375,96240.1,27307.7,56.9,Arenas Puelches,13.09,False,False
S0376,14461.6,65630.8,31.0,Pampeano profundo,10.37,False,False
S0377,89182.2,51462.0,31.9,Pampeano profundo,31.23,False,True
S0378,35954.6,58350.0,22.0,Pampeano somero,23.14,False,False
S0379,23629.1,22902.5,48.9,Pampeano profundo,10.39,False,True
S0380,65712.3,1759.2,26.8,Pampeano profundo,13.89,False,False
S0381,3018.8,33051.8,23.8,Pampeano somero,14.25,False,False
S0382,52547.0,57353.9,52.2,Pampeano profundo,28.69,False,False
S0383,47360.5,72992.3,52.9,Pampeano profundo,17.45,False,False
S0384,4850.5,24640.3,24.1,Pampeano somero,14.82,False,False
S0385,43418.2,36714.8,35.4,Pampeano profundo,13.53,False,False
S0386,30491.9,70528.4,52.9,Pampeano profundo,13.42,False,False
S0387,24864.8,20085.4,43.1,Pampeano profundo,9.33,False,False
S0388,93029.4,54491.2,43.2,Pampeano profundo,29.93,False,False
S0389,59829.7,70668.9,46.1,Pampeano profundo,26.09,False,True
S0390,15415.8,50429.7,44.4,Pampeano profundo,10.94,False,False
S0391,75713.2,9252.5,33.4,Pampeano profundo,14.48,False,False
S0392,36956.7,52182.8,29.8,Pampeano profundo,14.43,False,True
S0393,59885.1,3327.7,58.1,Arenas Puelches,6.65,False,False
S0394,37993.5,22540.3,63.2,Arenas Puelches,6.65,False,False
S0395,63854.6,70748.2,56.1,Arenas Puelches,23.33,False,False
S0396,68193.7,57142.3,43.5,Pampeano profundo,41.85,False,False
S0397,28353.4,17208.7,32.8,Pampeano profundo,9.26,False,False
S0398,83105.8,55334.6,48.3,Pampeano profundo,40.6,False,False
S0399,61813.1,45887.8,57.6,Arenas Puelches,27.32,False,False
S0400,60526.9,64721.8,60.0,Arenas Puelches,29.67,False,False
S0401,21800.6,53768.8,40.1,Pampeano profundo,12.97,False,False
S0402,25396.3,66038.4,45.5,Pampeano profundo,14.75,False,False
S0403,39537.7,58370.7,25.0,Pampeano profundo,18.19,False,False
S0404,3387.3,6613.6,36.4,Pampeano profundo,7.77,False,False
S0405,5473.1,37913.8,55.8,Arenas Puelches,4.4,False,False
S0406,66268.2,4896.3,43.9,Pampeano profundo,14.59,False,False
S0407,31647.9,22865.3,46.9,Pampeano profundo,10.88,False,False
S0408,72024.4,22473.4,57.0,Arenas Puelches,9.27,False,False
S0409,7482.6,37453.0,48.3,Pampeano profundo,9.85,False,False
S0410,74013.1,26340.7,47.7,Pampeano profundo,17.79,False,False
S0411,21417.9,18582.5,33.5,Pampeano profundo,10.82,False,False
S0412,86955.2,68799.2,22.1,Pampeano somero,34.27,False,False
S0413,90653.2,4341.6,34.6,Pampeano profundo,19.18,False,False
S0414,68931.3,37033.4,42.2,Pampeano profundo,24.25,False,False
S0415,39428.7,51526.5,50.9,Pampeano profundo,20.42,False,False
S0416,2564.8,15236.6,40.4,Pampeano profundo,9.6,False,False
S0417,76111.3,36597.7,60.5,Arenas Puelches,20.54,False,False
S0418,56281.8,27357.8,29.8,Pampeano profundo,14.2,False,False
S0419,8229.1,68990.0,17.3,Pampeano somero,16.26,False,False
S0420,57073.7,4042.7,51.7,Pampeano profundo,13.32,False,False
S0421,615.6,4861.3,59.0,Arenas Puelches,2.93,False,False
S0422,45137.7,37637.0,45.4,Pampeano profundo,15.68,False,False
S0423,61325.7,56631.0,38.4,Pampeano profundo,36.25,False,False
S0424,80265.9,69862.4,57.9,Arenas Puelches,24.13,False,False
S0425,29060.6,40573.2,58.0,Arenas Puelches,8.21,False,False
S0426,23204.6,77182.0,25.9,Pampeano profundo,13.58,False,True
S0427,33109.4,53667.1,37.5,Pampeano profundo,15.94,False,False
S0428,5919.5,76217.5,50.4,Pampeano profundo,10.45,False,False
S0429,93149.9,68411.4,51.8,Pampeano profundo,27.71,True,False
S0430,88063.5,71632.9,38.7,Pampeano profundo,31.26,False,False
S0431,60213.6,2456.4,41.3,Pampeano profundo,12.77,False,False
S0432,7458.7,70428.6,28.0,Pampeano profundo,12.99,False,False
S0433,8362.8,52607.8,21.2,Pampeano somero,14.3,False,False
S0434,93208.2,11417.3,52.6,Pampeano profundo,20.93,False,False
S0435,12500.0,6690.6,23.7,Pampeano somero,14.88,False,False
S0436,14566.9,9425.0,38.0,Pampeano profundo,11.29,False,False
S0437,78547.0,39146.5,35.9,Pampeano profundo,28.45,False,False
S0438,30153.1,5419.9,46.4,Pampeano profundo,8.96,False,False
S0439,41155.4,33348.5,38.2,Pampeano profundo,14.44,False,False
S0440,41002.3,12987.3,39.4,Pampeano profundo,11.55,False,False
S0441,70006.6,3534.2,27.5,Pampeano profundo,14.88,False,False
S0442,47233.2,8717.4,45.9,Pampeano profundo,11.02,False,False
S0443,81220.5,7035.6,42.0,Pampeano profundo,12.51,False,False
S0444,49593.9,72046.0,33.8,Pampeano profundo,19.53,False,False
S0445,29046.0,52709.4,45.9,Pampeano profundo,12.85,False,False
S0446,19457.7,51088.5,50.6,Pampeano profundo,12.59,False,False
S0447,75501.3,78404.2,66.5,Arenas Puelches,16.82,True,False
S0448,21950.8,44687.5,42.3,Pampeano profundo,11.09,True,False
S0449,60890.8,74660.6,47.4,Pampeano profundo,22.63,False,False
S0450,60140.4,52254.9,33.4,Pampeano profundo,34.56,False,False
S0451,96324.8,35791.3,40.9,Pampeano profundo,21.12,False,False
S0452,8962.1,55934.6,52.4,Pampeano profundo,10.38,False,False
S0453,20752.0,34538.6,34.6,Pampeano profundo,10.31,False,False
S0454,66155.3,15396.0,67.0,Arenas Puelches,8.23,False,False
S0455,33089.9,4425.0,26.7,Pampeano profundo,10.19,False,True
S0456,12858.3,73909.5,37.3,Pampeano profundo,14.44,False,False
S0457,89536.9,29358.5,46.1,Pampeano profundo,18.34,False,False
S0458,73147.6,67016.6,38.4,Pampeano profundo,33.61,False,True
S0459,22255.2,34721.1,36.7,Pampeano profundo,11.14,False,False
S0460,9521.0,5367.6,36.6,Pampeano profundo,9.88,False,False
S0461,84241.2,44510.6,49.9,Pampeano profundo,31.6,False,False
S0462,56996.2,7077.8,43.6,Pampeano profundo,13.15,False,False
S0463,92957.9,58080.2,61.3,Arenas Puelches,25.65,False,False
S0464,51718.2,31343.6,73.8,Arenas Puelches,12.02,False,False
S0465,23087.8,63961.0,49.5,Pampeano profundo,12.76,False,False
S0466,13356.2,8285.4,44.2,Pampeano profundo,7.86,False,False
S0467,41791.3,2115.3,31.0,Pampeano profundo,11.01,True,False
S0468,68401.7,9840.7,39.6,Pampeano profundo,12.99,False,False
S0469,430.0,75359.2,17.6,Pampeano somero,16.83,False,False
S0470,39535.2,21958.4,48.4,Pampeano profundo,14.1,False,False
S0471,40382.8,47107.7,25.0,Pampeano profundo,16.42,False,False
S0472,67101.1,31218.9,54.1,Pampeano profundo,20.82,False,False
S0473,19496.2,17295.2,31.2,Pampeano profundo,10.48,False,False
S0474,87607.1,12724.9,52.8,Pampeano profundo,15.1,False,False
S0475,32508.8,47513.0,48.1,Pampeano profundo,16.14,False,False
S0476,82680.8,37120.5,25.3,Pampeano profundo,24.45,False,False
S0477,82762.3,76749.7,38.4,Pampeano profundo,22.64,False,False
S0478,88488.0,66358.3,52.9,Pampeano profundo,28.35,False,True
S0479,25882.9,65587.8,46.8,Pampeano profundo,14.55,False,False
S0480,83986.6,5291.2,57.7,Arenas Puelches,8.9,False,False
S0481,23050.7,36125.0,36.7,Pampeano profundo,10.38,False,False
S0482,39944.3,263.7,41.7,Pampeano profundo,12.61,False,False
S0483,17768.3,67904.9,61.5,Arenas Puelches,7.42,False,False
S0484,48413.1,20486.3,46.2,Pampeano profundo,12.6,False,False
S0485,7519.4,34288.9,48.8,Pampeano profundo,8.83,False,False
S0486,95684.2,18889.7,46.3,Pampeano profundo,16.7,False,False
S0487,1299.7,7044.2,20.1,Pampeano somero,12.07,False,False
S0488,49659.6,76688.5,49.6,Pampeano profundo,18.08,False,False
S0489,83809.5,45322.7,54.6,Pampeano profundo,32.76,False,False
S0490,13251.5,36760.5,50.9,Pampeano profundo,10.18,False,False
S0491,59710.2,62094.8,34.4,Pampeano profundo,33.28,False,False
S0492,53108.3,39136.4,35.9,Pampeano profundo,21.62,False,False
S0493,75753.7,67748.4,21.2,Pampeano somero,36.77,False,True
S0494,69859.5,64822.9,53.1,Pampeano profundo,35.38,False,True
S0495,82501.3,1838.3,57.7,Arenas Puelches,10.44,False,False
S0496,79328.4,39146.0,39.5,Pampeano profundo,27.7,False,False
S0497,58286.0,2900.0,39.7,Pampeano profundo,13.76,False,False
S0498,34996.4,30957.1,39.6,Pampeano profundo,15.35,False,False
S0499,10742.8,29594.0,58.4,Arenas Puelches,7.49,False,False
S0500,16381.8,63907.4,50.8,Pampeano profundo,13.2,False,False
S0501,87120.8,18338.1,62.1,Arenas Puelches,10.98,False,False
S0502,26650.1,47025.0,39.4,Pampeano profundo,14.27,False,False
S0503,89403.1,37309.8,43.4,Pampeano profundo,22.43,False,False
S0504,30608.6,66104.4,54.9,Pampeano profundo,14.04,False,False
S0505,5725.7,64982.2,18.8,Pampeano somero,15.49,False,False
S0506,28999.7,5300.7,47.6,Pampeano profundo,9.74,False,False
S0507,38465.1,63821.3,27.0,Pampeano profundo,15.67,False,False
S0508,10368.0,11950.7,48.7,Pampeano profundo,9.6,False,False
S0509,42976.1,52748.4,49.2,Pampeano profundo,18.08,False,False
S0510,79794.3,5323.1,36.9,Pampeano profundo,12.76,False,False
S0511,41382.0,6443.8,45.6,Pampeano profundo,12.83,False,False
S0512,49373.4,74980.3,30.3,Pampeano profundo,18.89,False,False
S0513,99877.3,68815.3,37.4,Pampeano profundo,23.81,False,False
S0514,21532.0,36501.6,35.8,Pampeano profundo,10.89,False,False
S0515,54391.5,16677.8,35.4,Pampeano profundo,13.65,False,False
S0516,98775.6,17949.8,61.7,Arenas Puelches,10.97,False,False
S0517,49572.4,23235.5,69.0,Arenas Puelches,7.74,False,False
S0518,59141.9,28092.2,45.1,Pampeano profundo,15.23,False,False
S0519,54670.6,5483.1,44.5,Pampeano profundo,15.67,False,False
S0520,11526.9,26032.2,48.3,Pampeano profundo,8.74,False,False
S0521,71613.6,3922.4,42.7,Pampeano profundo,16.4,False,False
S0522,91207.4,4397.2,54.3,Pampeano profundo,14.06,False,False
S0523,92657.6,69410.1,26.5,Pampeano profundo,24.24,False,False
S0524,58666.9,54376.0,36.6,Pampeano profundo,36.37,False,False
S0525,35251.1,60945.8,23.6,Pampeano somero,21.13,False,False
S0526,67551.0,54508.8,23.0,Pampeano somero,46.92,False,False
S0527,94461.7,25201.0,60.6,Arenas Puelches,11.32,False,False
S0528,97813.6,53251.5,46.0,Pampeano profundo,27.56,False,False
S0529,28295.5,70464.3,60.1,Arenas Puelches,7.43,False,False
S0530,93568.7,74134.7,67.1,Arenas Puelches,17.93,False,False
S0531,73028.9,32868.1,45.8,Pampeano profundo,21.06,False,False
S0532,87183.7,70555.9,43.3,Pampeano profundo,29.48,False,True
S0533,16748.1,59576.5,30.8,Pampeano profundo,12.1,False,False
S0534,97624.7,17140.8,20.3,Pampeano somero,23.61,False,False
S0535,75351.8,45066.2,40.5,Pampeano profundo,35.51,False,True
S0536,16651.7,22537.4,36.5,Pampeano profundo,9.21,False,False
S0537,54012.1,16681.8,36.2,Pampeano profundo,11.72,False,False
S0538,11153.3,39796.9,27.5,Pampeano profundo,10.55,True,False
S0539,72458.8,50198.3,45.5,Pampeano profundo,42.75,False,False
S0540,59518.1,2053.3,40.5,Pampeano profundo,13.3,False,False
S0541,57828.7,24814.0,46.4,Pampeano profundo,14.12,False,False
S0542,84722.9,30933.6,36.1,Pampeano profundo,19.33,False,False
S0543,76972.9,18238.4,69.6,Arenas Puelches,9.72,False,False
S0544,9171.5,57365.9,45.4,Pampeano profundo,10.74,False,False
S0545,76213.9,18024.1,45.0,Pampeano profundo,16.12,False,False
S0546,54146.6,47225.9,34.9,Pampeano profundo,27.24,False,False
S0547,18878.1,66236.9,28.4,Pampeano profundo,13.04,False,False
S0548,34717.9,74211.8,51.4,Pampeano profundo,14.92,False,False
S0549,50919.4,14057.5,39.0,Pampeano profundo,11.48,False,False
S0550,85884.6,18177.6,48.7,Pampeano profundo,15.88,False,False
S0551,88190.3,21776.8,53.3,Pampeano profundo,15.46,False,False
S0552,10210.2,27303.2,32.5,Pampeano profundo,9.75,False,False
S0553,44215.4,22511.2,46.1,Pampeano profundo,13.12,False,False
S0554,84352.9,56287.2,25.6,Pampeano profundo,36.54,False,False
S0555,60236.4,37732.2,33.4,Pampeano profundo,22.13,False,False
S0556,85516.2,4059.0,24.8,Pampeano somero,20.0,True,False
S0557,59726.0,16153.4,40.0,Pampeano profundo,13.32,False,False
S0558,22303.6,19961.5,35.3,Pampeano profundo,12.17,False,False
S0559,50285.3,61771.9,64.8,Arenas Puelches,19.01,False,False
S0560,51515.5,10487.3,34.5,Pampeano profundo,15.25,False,False
S0561,89407.8,7566.3,50.1,Pampeano profundo,16.13,False,False
S0562,35575.2,50793.9,46.9,Pampeano profundo,13.83,True,False
S0563,23499.0,6805.7,57.2,Arenas Puelches,4.16,False,False
S0564,74885.8,56223.9,52.0,Pampeano profundo,42.5,False,False
S0565,41958.1,14304.5,51.6,Pampeano profundo,11.56,False,False
S0566,48435.1,50588.2,64.9,Arenas Puelches,17.48,True,False
S0567,97658.6,27848.7,29.3,Pampeano profundo,16.24,False,False
S0568,67464.5,6182.9,38.7,Pampeano profundo,13.04,False,False
S0569,67184.9,55891.0,41.1,Pampeano profundo,40.94,False,False
S0570,93388.8,253.5,48.0,Pampeano profundo,16.0,False,False
S0571,71629.5,60259.8,38.5,Pampeano profundo,41.1,False,False
S0572,95477.2,72279.9,61.8,Arenas Puelches,16.74,False,False
S0573,63330.3,16791.3,37.7,Pampeano profundo,15.0,False,False
S0574,58741.5,38651.9,36.8,Pampeano profundo,22.82,False,False
S0575,28422.6,57550.7,46.4,Pampeano profundo,14.73,True,False
S0576,23079.6,24075.7,31.4,Pampeano profundo,10.04,False,False
S0577,53150.2,47831.7,31.3,Pampeano profundo,25.92,False,False
S0578,5905.6,2386.2,22.6,Pampeano somero,13.27,False,False
S0579,16828.8,25714.6,37.9,Pampeano profundo,11.22,False,True
S0580,70836.9,23494.7,58.1,Arenas Puelches,11.38,False,False
S0581,67901.1,53608.7,55.1,Arenas Puelches,35.18,False,False
S0582,2834.3,49986.7,43.1,Pampeano profundo,11.43,False,False
S0583,16316.5,54654.8,40.8,Pampeano profundo,10.63,False,False
S0584,61782.4,70236.9,38.1,Pampeano profundo,26.01,False,False
S0585,40765.4,74868.0,41.1,Pampeano profundo,14.18,False,False
S0586,58896.6,8322.3,29.8,Pampeano profundo,14.96,False,False
S0587,12870.2,51016.4,40.8,Pampeano profundo,13.5,False,False
S0588,86248.6,27197.9,59.7,Arenas Puelches,12.34,False,False
S0589,25893.5,25422.7,21.1,Pampeano somero,15.53,False,False
S0590,37440.4,66124.6,57.7,Arenas Puelches,10.7,False,False
S0591,44937.0,42308.7,16.9,Pampeano somero,21.67,False,False
S0592,59282.9,35460.0,35.2,Pampeano profundo,21.12,False,False
S0593,98051.9,15370.5,36.2,Pampeano profundo,17.04,False,False
S0594,20942.9,59215.4,31.3,Pampeano profundo,11.56,False,False
S0595,16238.5,69407.0,35.0,Pampeano profundo,12.16,False,False
S0596,14533.7,53348.9,54.1,Pampeano profundo,10.63,False,False
S0597,77473.3,57688.5,34.6,Pampeano profundo,42.92,False,False
S0598,38245.6,8759.7,30.8,Pampeano profundo,10.21,True,False
S0599,92696.7,25304.4,39.5,Pampeano profundo,16.74,False,False
S0600,6655.9,37512.5,31.5,Pampeano profundo,12.19,False,False
S0601,53155.6,62502.2,36.0,Pampeano profundo,27.17,False,False
S0602,75723.6,7849.3,30.4,Pampeano profundo,19.43,False,False
S0603,50708.5,16576.3,46.4,Pampeano profundo,13.71,False,False
S0604,40659.9,76136.0,40.5,Pampeano profundo,17.3,False,False
S0605,81151.6,11432.2,58.9,Arenas Puelches,10.7,False,False
S0606,50910.4,58599.1,58.1,Arenas Puelches,20.38,False,False
S0607,90653.7,32821.9,29.4,Pampeano profundo,21.48,False,True
S0608,23860.3,70132.9,59.0,Arenas Puelches,6.7,False,False
S0609,59845.6,5478.3,50.6,Pampeano profundo,11.32,False,False
S0610,63447.9,58909.5,60.1,Arenas Puelches,33.46,False,False
S0611,90713.1,75999.1,47.0,Pampeano profundo,23.88,False,False
S0612,9325.6,56073.8,46.1,Pampeano profundo,12.75,False,False
S0613,80572.0,29107.1,53.7,Pampeano profundo,19.59,False,False
S0614,68349.0,77367.3,61.6,Arenas Puelches,17.79,False,False
S0615,86060.9,64202.6,40.3,Pampeano profundo,32.15,False,False
S0616,60885.9,54273.5,37.4,Pampeano profundo,37.24,False,False
S0617,45377.3,21410.1,39.7,Pampeano profundo,14.09,False,False
S0618,79632.6,60262.4,63.1,Arenas Puelches,34.13,False,False
S0619,28418.4,72520.6,59.1,Arenas Puelches,9.21,False,False
S0620,5541.8,51097.4,24.7,Pampeano somero,17.07,True,False
S0621,74996.5,30682.5,52.8,Pampeano profundo,22.05,False,False
S0622,81237.4,78417.4,46.8,Pampeano profundo,24.32,False,False
S0623,82867.9,4691.4,44.6,Pampeano profundo,15.79,False,False
S0624,44768.9,25742.6,49.3,Pampeano profundo,16.23,False,False
S0625,73267.4,76970.9,68.6,Arenas Puelches,17.83,False,False
S0626,71364.3,49538.3,53.2,Pampeano profundo,43.31,False,False
S0627,28854.9,7813.7,35.6,Pampeano profundo,10.43,False,False
S0628,76553.9,44902.5,39.3,Pampeano profundo,33.91,False,False
S0629,96419.1,79860.2,55.3,Arenas Puelches,15.51,False,False
S0630,35210.4,74344.7,45.1,Pampeano profundo,14.84,False,False
S0631,27344.6,24722.1,54.6,Pampeano profundo,9.74,False,False
S0632,58385.8,19939.8,61.5,Arenas Puelches,8.87,False,False
S0633,87781.0,21480.9,51.4,Pampeano profundo,14.67,False,False
S0634,60829.2,17466.5,52.4,Pampeano profundo,16.84,False,False
S0635,97004.8,15497.2,69.6,Arenas Puelches,10.91,False,False
S0636,92261.4,24278.2,64.5,Arenas Puelches,12.03,False,False
S0637,71072.0,62855.3,35.6,Pampeano profundo,40.1,False,False
S0638,70689.4,42180.9,29.2,Pampeano profundo,32.14,True,True
S0639,17805.4,17911.8,23.7,Pampeano somero,13.68,False,False
S0640,34104.9,66900.0,20.9,Pampeano somero,18.04,False,False
S0641,81014.6,34862.0,52.3,Pampeano profundo,24.15,False,False
S0642,40045.6,12293.4,27.7,Pampeano profundo,12.61,False,False
S0643,22805.7,50169.5,48.8,Pampeano profundo,11.44,False,False
S0644,6312.3,4278.6,28.8,Pampeano profundo,6.77,False,False
S0645,22304.6,1788.0,52.0,Pampeano profundo,10.0,False,False
S0646,57711.3,62436.6,52.4,Pampeano profundo,31.06,False,False
S0647,92413.7,24642.0,50.8,Pampeano profundo,17.98,False,False
S0648,39152.1,49590.0,48.0,Pampeano profundo,15.83,True,False
S0649,78953.5,35650.8,31.8,Pampeano profundo,22.6,False,False
S0650,12879.5,79513.9,9.7,Pampeano somero,16.34,False,False
S0651,82273.6,7029.0,40.9,Pampeano profundo,15.74,False,False
S0652,92753.3,78792.5,54.0,Pampeano profundo,22.57,False,False
S0653,50256.1,55563.8,27.9,Pampeano profundo,25.43,False,False
S0654,45477.5,79765.9,50.8,Pampeano profundo,15.39,False,False
S0655,90811.0,14840.7,55.6,Arenas Puelches,9.22,True,False
S0656,22781.9,23556.2,41.7,Pampeano profundo,12.42,False,False
S0657,92062.7,9441.0,51.6,Pampeano profundo,14.99,False,False
S0658,91750.0,79174.6,47.4,Pampeano profundo,20.19,False,True
S0659,95754.6,23369.1,50.7,Pampeano profundo,16.04,False,True
S0660,89112.7,19846.1,32.9,Pampeano profundo,15.72,False,False
S0661,52573.5,43486.7,56.4,Arenas Puelches,18.92,False,False
S0662,68176.7,70711.8,49.7,Pampeano profundo,28.85,False,False
S0663,53299.6,43623.8,50.3,Pampeano profundo,26.26,False,False
S0664,30174.7,1216.8,32.0,Pampeano profundo,11.09,False,False
S0665,99064.0,26004.1,31.4,Pampeano profundo,17.9,False,False
S0666,2497.1,50485.8,52.5,Pampeano profundo,12.08,False,False
S0667,25152.8,38183.4,22.7,Pampeano somero,15.38,False,False
S0668,92864.5,17084.7,44.5,Pampeano profundo,16.23,False,False
S0669,95230.9,27989.2,47.4,Pampeano profundo,19.01,False,False
S0670,27881.5,34222.0,43.7,Pampeano profundo,12.79,False,False
S0671,99978.3,883.0,53.3,Pampeano profundo,15.27,False,False
S0672,81264.4,49855.5,46.9,Pampeano profundo,36.69,False,False
S0673,77685.9,68076.5,29.5,Pampeano profundo,31.0,False,False
S0674,57184.5,13367.3,40.9,Pampeano profundo,13.65,False,False
S0675,39427.2,63455.1,41.0,Pampeano profundo,16.81,False,False
S0676,924.1,31795.7,43.9,Pampeano profundo,8.85,False,False
S0677,36558.1,21119.4,44.6,Pampeano profundo,11.83,False,False
S0678,37478.4,45978.8,55.5,Arenas Puelches,10.21,False,False
S0679,8148.8,14310.1,48.4,Pampeano profundo,8.38,False,False
S0680,8450.4,24446.0,23.1,Pampeano somero,15.46,False,False
S0681,26336.9,65069.3,41.3,Pampeano profundo,11.73,False,False
S0682,49435.3,34958.6,48.6,Pampeano profundo,15.65,False,False
S0683,77412.0,77025.9,40.6,Pampeano profundo,22.47,False,False
S0684,58887.9,21849.1,62.6,Arenas Puelches,8.86,False,False
S0685,54096.3,19014.3,37.3,Pampeano profundo,14.11,False,False
S0686,79659.7,42867.2,31.4,Pampeano profundo,31.23,False,False
S0687,84800.1,64774.1,26.2,Pampeano profundo,32.86,True,False
S0688,43984.4,63654.4,37.1,Pampeano profundo,20.82,False,False
S0689,60716.7,18953.6,39.1,Pampeano profundo,17.22,False,False
S0690,92127.3,15687.8,44.0,Pampeano profundo,17.17,False,True
S0691,7981.0,26600.3,11.8,Pampeano somero,13.87,False,False
S0692,60890.7,32166.8,44.9,Pampeano profundo,17.69,True,True
S0693,77651.3,15083.7,60.6,Arenas Puelches,8.0,False,False
S0694,42733.3,14093.0,34.9,Pampeano profundo,11.13,False,False
S0695,74994.2,59339.5,53.8,Pampeano profundo,41.47,True,False
S0696,84003.7,24570.7,40.2,Pampeano profundo,16.56,False,False
S0697,76434.4,74230.5,36.9,Pampeano profundo,29.99,False,False
S0698,53680.7,42701.8,60.3,Arenas Puelches,17.44,False,False
S0699,72437.0,2664.0,55.1,Arenas Puelches,7.98,False,False
S0700,70933.6,57552.7,56.9,Arenas Puelches,35.41,False,False
S0701,38336.6,14467.9,70.4,Arenas Puelches,8.26,False,False
S0702,2126.7,33153.1,38.1,Pampeano profundo,8.57,False,False
S0703,94971.7,34906.8,49.1,Pampeano profundo,18.73,False,False
S0704,46769.5,3451.4,45.3,Pampeano profundo,11.4,False,False
S0705,29850.7,72520.6,58.8,Arenas Puelches,11.04,False,False
S0706,25053.2,22481.0,52.3,Pampeano profundo,14.51,False,False
S0707,39949.3,48345.0,32.1,Pampeano profundo,16.57,False,False
S0708,57788.0,20460.9,35.1,Pampeano profundo,14.73,False,False
S0709,51775.7,46978.3,48.7,Pampeano profundo,24.36,False,False
S0710,38219.5,68180.9,48.7,Pampeano profundo,15.54,False,False
S0711,7776.9,14408.5,44.6,Pampeano profundo,8.34,False,False
S0712,98075.8,33678.5,56.4,Arenas Puelches,17.03,False,False
S0713,1571.2,42040.1,35.9,Pampeano profundo,8.78,False,False
S0714,91976.6,8329.7,56.4,Arenas Puelches,8.81,False,False
S0715,3178.6,47681.0,46.1,Pampeano profundo,8.8,False,False
S0716,50542.7,79951.3,33.3,Pampeano profundo,16.46,False,True
S0717,78546.8,64568.7,32.3,Pampeano profundo,36.24,False,False
S0718,66357.6,41480.3,48.8,Pampeano profundo,29.46,False,False
S0719,70574.2,16229.4,41.6,Pampeano profundo,14.66,False,False
S0720,9749.2,8561.0,21.9,Pampeano somero,14.09,False,False
S0721,86405.2,70132.0,57.7,Arenas Puelches,21.99,False,False
S0722,64982.6,59064.1,50.9,Pampeano profundo,39.9,False,False
S0723,94175.4,61492.1,66.0,Arenas Puelches,22.01,False,True
S0724,99524.9,37445.9,49.3,Pampeano profundo,19.25,False,False
S0725,75464.2,3809.0,48.0,Pampeano profundo,15.32,False,False
S0726,80515.4,45767.0,30.3,Pampeano profundo,34.85,False,False
S0727,96103.1,40495.0,66.5,Arenas Puelches,15.54,False,True
S0728,71932.3,3552.1,54.0,Pampeano profundo,13.12,False,False
S0729,61170.0,30885.6,56.1,Arenas Puelches,13.99,False,False
S0730,52695.6,51898.1,41.3,Pampeano profundo,30.28,False,False
S0731,52283.2,10695.1,43.5,Pampeano profundo,13.33,False,False
S0732,63995.3,21644.2,49.6,Pampeano profundo,15.22,False,False
S0733,62467.9,17964.3,36.4,Pampeano profundo,15.52,False,False
S0734,141.4,59175.5,28.6,Pampeano profundo,11.64,False,False
S0735,14925.6,30876.9,63.7,Arenas Puelches,6.97,False,False
S0736,41676.2,51331.0,47.0,Pampeano profundo,17.28,False,False
S0737,28759.2,31950.7,33.1,Pampeano profundo,11.42,False,False
S0738,67451.7,34266.4,28.9,Pampeano profundo,21.06,True,False
S0739,99066.5,9879.1,35.6,Pampeano profundo,17.7,True,False
S0740,26583.9,34287.9,45.0,Pampeano profundo,10.73,False,False
S0741,81069.5,79875.9,36.1,Pampeano profundo,20.61,False,False
S0742,37136.4,60152.2,29.3,Pampeano profundo,19.49,False,False
S0743,72379.4,55397.1,44.0,Pampeano profundo,41.65,False,False
S0744,8874.1,64580.2,43.2,Pampeano profundo,10.56,False,False
S0745,62393.3,5074.1,60.7,Arenas Puelches,7.91,False,False
S0746,52057.3,63988.3,34.2,Pampeano profundo,25.02,False,False
S0747,82908.0,63589.8,39.4,Pampeano profundo,36.55,False,False
S0748,11856.4,52787.7,43.7,Pampeano profundo,11.63,True,False
S0749,52173.8,73150.5,38.2,Pampeano profundo,19.3,False,False
S0750,86336.5,5054.1,58.2,Arenas Puelches,10.96,False,False
S0751,69475.0,7181.7,40.5,Pampeano profundo,13.25,False,False
S0752,16075.2,73721.2,23.8,Pampeano somero,16.36,False,False
S0753,85336.2,32843.1,39.5,Pampeano profundo,21.71,False,False
S0754,23099.0,75625.8,21.9,Pampeano somero,18.25,False,False
S0755,7370.0,38075.3,32.3,Pampeano profundo,9.96,False,False
S0756,8488.2,34719.9,44.6,Pampeano profundo,8.9,False,False
S0757,78425.2,64525.2,47.8,Pampeano profundo,36.18,False,False
S0758,84036.2,37180.9,46.5,Pampeano profundo,23.47,False,False
S0759,88063.8,14253.0,33.0,Pampeano profundo,16.53,False,False
S0760,75439.0,34347.9,37.7,Pampeano profundo,22.87,False,False
S0761,89402.8,16585.8,43.8,Pampeano profundo,15.64,False,False
S0762,92760.2,72351.4,51.9,Pampeano profundo,24.49,False,False
S0763,53716.3,68169.8,74.5,Arenas Puelches,18.81,False,False
S0764,63225.9,10038.0,37.1,Pampeano profundo,13.84,False,False
S0765,95343.8,27666.7,60.5,Arenas Puelches,11.99,False,False
S0766,51419.8,64973.6,30.0,Pampeano profundo,24.55,False,False
S0767,24074.6,1888.3,28.2,Pampeano profundo,11.03,False,False
S0768,93861.8,255.1,25.3,Pampeano profundo,13.69,False,False
S0769,5067.7,14836.2,28.9,Pampeano profundo,8.17,False,False
S0770,58334.6,74471.4,57.2,Arenas Puelches,17.25,False,False
S0771,92945.6,38517.6,48.5,Pampeano profundo,22.38,False,False
S0772,74436.2,13986.0,61.2,Arenas Puelches,10.03,False,False
S0773,60548.2,17072.1,38.9,Pampeano profundo,15.36,False,False
S0774,48643.7,10881.8,56.3,Arenas Puelches,7.14,False,False
S0775,27257.1,45872.4,34.2,Pampeano profundo,12.94,False,False
S0776,56333.6,16119.4,55.0,Arenas Puelches,8.61,False,False
S0777,73858.5,49587.6,66.1,Arenas Puelches,36.79,False,False
S0778,56121.4,78194.8,41.6,Pampeano profundo,20.27,True,False
S0779,76639.2,49533.7,30.6,Pampeano profundo,42.27,False,False
S0780,96711.6,18841.2,71.3,Arenas Puelches,13.09,False,True
S0781,63941.8,13122.7,34.9,Pampeano profundo,12.86,False,False
S0782,70787.8,22546.8,39.3,Pampeano profundo,16.02,False,False
S0783,84928.5,38435.8,44.1,Pampeano profundo,26.9,False,False
S0784,55316.8,17038.0,55.2,Arenas Puelches,8.25,False,False
S0785,28835.0,575.4,49.4,Pampeano profundo,8.1,True,False
S0786,79349.4,63275.7,55.0,Arenas Puelches,35.18,False,False
S0787,82483.1,44861.3,44.2,Pampeano profundo,33.43,False,False
S0788,97987.3,58136.7,47.1,Pampeano profundo,26.35,False,False
S0789,2119.2,31685.9,47.8,Pampeano profundo,9.54,False,False
S0790,50703.1,18157.7,63.7,Arenas Puelches,6.93,False,False
S0791,6124.0,48622.9,23.4,Pampeano somero,15.16,False,False
S0792,49628.6,33354.9,58.7,Arenas Puelches,10.69,False,False
S0793,47745.2,22459.1,55.0,Arenas Puelches,7.09,False,False
S0794,21977.0,68121.4,48.3,Pampeano profundo,12.56,False,False
S0795,99918.1,77682.9,41.4,Pampeano profundo,20.99,False,False
S0796,74283.5,62704.5,47.9,Pampeano profundo,40.55,False,False
S0797,38608.2,71784.2,47.1,Pampeano profundo,15.8,False,False
S0798,79486.7,47476.4,39.7,Pampeano profundo,36.73,False,False
S0799,24681.5,20027.6,55.0,Pampeano profundo,11.29,False,True
S0800,28454.9,67658.2,35.7,Pampeano profundo,14.98,False,False
S0801,77638.8,58247.5,65.7,Arenas Puelches,37.55,False,False
S0802,69518.3,11550.7,28.3,Pampeano profundo,13.61,False,False
S0803,78481.5,78644.4,30.9,Pampeano profundo,22.58,False,False
S0804,38933.7,75258.8,19.9,Pampeano somero,19.81,False,False
S0805,18480.1,29864.8,48.7,Pampeano profundo,14.79,False,False
S0806,43452.1,35835.9,32.3,Pampeano profundo,16.51,False,False
S0807,74068.3,32772.6,37.0,Pampeano profundo,23.76,False,False
S0808,84632.9,40327.7,59.0,Arenas Puelches,21.4,False,False
S0809,90223.5,21483.3,69.6,Arenas Puelches,11.96,False,False
S0810,99267.1,12819.6,40.8,Pampeano profundo,18.61,False,False
S0811,31324.0,75151.9,58.1,Arenas Puelches,7.55,False,False
S0812,83805.0,53678.6,54.5,Pampeano profundo,37.55,False,False
S0813,99850.2,78869.2,49.7,Pampeano profundo,18.74,False,False
S0814,27961.2,55859.4,26.9,Pampeano profundo,20.93,False,False
S0815,506.1,25979.7,21.0,Pampeano somero,14.11,False,False
S0816,14248.2,64081.9,40.4,Pampeano profundo,10.94,False,False
S0817,77768.2,19465.3,48.8,Pampeano profundo,16.86,False,False
S0818,80387.3,79903.6,39.2,Pampeano profundo,21.2,False,False
S0819,25975.2,30738.7,29.1,Pampeano profundo,12.11,False,False
S0820,94021.6,33312.2,33.3,Pampeano profundo,19.24,False,False
S0821,23646.0,55314.8,45.0,Pampeano profundo,14.15,False,False
S0822,72856.0,24382.9,54.7,Pampeano profundo,15.85,False,False
S0823,18448.7,35579.5,48.7,Pampeano profundo,10.9,False,False
S0824,75724.0,27896.9,54.3,Pampeano profundo,17.35,False,False
S0825,5081.9,1902.6,32.0,Pampeano profundo,8.44,False,False
S0826,59016.6,47019.9,64.2,Arenas Puelches,26.1,False,False
S0827,34897.2,46054.5,30.0,Pampeano profundo,13.17,False,False
S0828,65910.1,27941.2,52.6,Pampeano profundo,20.89,False,False
S0829,88679.3,29670.2,43.7,Pampeano profundo,18.61,False,False
S0830,32212.9,3045.1,28.3,Pampeano profundo,10.43,False,False
S0831,95107.0,24702.5,41.5,Pampeano profundo,18.61,False,False
S0832,45187.0,58943.5,49.9,Pampeano profundo,20.18,False,False
S0833,39989.0,39274.2,55.7,Arenas Puelches,8.75,False,False
S0834,20452.6,14804.5,44.2,Pampeano profundo,9.27,False,False
S0835,5565.1,10597.6,8.0,Pampeano somero,15.3,False,False
S0836,6108.6,38578.8,47.5,Pampeano profundo,8.8,False,False
S0837,85014.5,37768.6,22.6,Pampeano somero,35.98,False,False
S0838,731.0,36812.1,61.1,Arenas Puelches,4.59,False,False
S0839,64830.0,47198.8,48.3,Pampeano profundo,36.2,False,False
S0840,60963.2,27923.0,47.0,Pampeano profundo,17.28,False,False
S0841,58723.5,31561.5,57.0,Arenas Puelches,12.38,True,False
S0842,45987.1,26305.3,40.0,Pampeano profundo,13.3,True,False
S0843,6393.3,49825.4,35.6,Pampeano profundo,9.62,False,True
S0844,19242.0,2732.6,35.6,Pampeano profundo,9.3,False,False
S0845,69458.1,56299.5,47.8,Pampeano profundo,41.87,False,False
S0846,89098.8,64192.0,49.6,Pampeano profundo,32.8,False,False
S0847,48220.1,29260.0,46.4,Pampeano profundo,14.67,False,False
S0848,39041.1,2376.2,8.0,Pampeano somero,16.01,False,False
S0849,83341.8,56263.9,46.8,Pampeano profundo,37.99,False,False
S0850,4017.8,50763.1,19.2,Pampeano somero,14.34,False,False
S0851,59857.6,60280.0,77.9,Arenas Puelches,28.37,False,False
S0852,97123.0,11196.2,59.1,Arenas Puelches,10.77,False,False
S0853,43003.9,45740.2,54.3,Pampeano profundo,20.03,False,False
S0854,30185.1,30842.0,47.2,Pampeano profundo,12.35,True,False
S0855,37243.0,4980.7,50.4,Pampeano profundo,10.27,False,True
S0856,57457.4,50796.7,34.0,Pampeano profundo,31.38,False,False
S0857,88175.1,40432.4,58.0,Arenas Puelches,20.6,False,False
S0858,72925.3,64381.7,57.0,Arenas Puelches,33.9,False,False
S0859,34246.4,28146.4,44.2,Pampeano profundo,13.5,False,False
S0860,38259.0,32685.4,51.8,Pampeano profundo,12.62,False,False
S0861,63502.7,20784.5,58.3,Arenas Puelches,8.93,False,False
S0862,62806.1,39029.5,45.7,Pampeano profundo,26.51,False,False
S0863,11388.9,38016.3,25.9,Pampeano profundo,9.4,False,False
S0864,57690.9,5700.7,54.8,Pampeano profundo,12.32,False,False
S0865,74701.4,76710.4,65.3,Arenas Puelches,21.89,False,False
S0866,12721.1,65848.7,25.1,Pampeano profundo,10.76,False,False
S0867,77587.6,67945.6,61.3,Arenas Puelches,27.89,False,False
S0868,14858.1,39140.8,42.9,Pampeano profundo,10.52,False,False
S0869,8647.7,30231.0,46.4,Pampeano profundo,11.03,False,False
S0870,55720.8,57954.8,54.9,Pampeano profundo,31.47,False,True
S0871,78098.6,79029.2,34.6,Pampeano profundo,20.98,False,False
S0872,61637.4,60439.1,48.9,Pampeano profundo,34.71,False,False
S0873,60672.3,7301.2,57.6,Arenas Puelches,8.7,False,False
S0874,9228.2,64055.3,56.2,Arenas Puelches,5.99,False,False
S0875,57906.3,36377.2,55.5,Arenas Puelches,15.61,False,False
S0876,51488.2,997.0,33.0,Pampeano profundo,10.66,False,False
S0877,1430.7,20347.5,40.7,Pampeano profundo,9.0,False,False
S0878,76595.4,72447.2,44.2,Pampeano profundo,27.45,False,False
S0879,21962.7,38987.2,41.4,Pampeano profundo,12.22,False,False
S0880,46356.7,59721.8,57.0,Arenas Puelches,17.35,False,False
S0881,45701.8,35290.1,26.7,Pampeano profundo,14.66,False,False
S0882,68028.9,628.6,52.5,Pampeano profundo,12.03,False,False
S0883,86213.9,48432.5,53.7,Pampeano profundo,32.83,False,False
S0884,78002.5,22618.0,35.7,Pampeano profundo,16.74,False,False
S0885,21207.9,11115.6,54.1,Pampeano profundo,10.86,False,False
S0886,22875.2,54888.4,33.7,Pampeano profundo,10.58,False,False
S0887,42850.6,48925.9,43.7,Pampeano profundo,20.96,False,False
S0888,36541.8,19783.3,11.2,Pampeano somero,16.87,False,False
S0889,71884.5,3773.6,60.1,Arenas Puelches,8.27,False,False
S0890,54783.3,65220.6,41.2,Pampeano profundo,25.21,False,False
S0891,45043.2,55809.0,39.6,Pampeano profundo,20.18,False,False
S0892,60440.4,10231.0,62.9,Arenas Puelches,9.89,False,False
S0893,38097.8,62598.0,19.3,Pampeano somero,21.47,False,False
S0894,85811.3,30846.5,58.8,Arenas Puelches,14.78,False,False
S0895,74760.9,62797.9,59.7,Arenas Puelches,33.34,False,False
S0896,79601.4,68602.1,23.6,Pampeano somero,35.91,False,False
S0897,99135.4,12549.2,53.1,Pampeano profundo,15.82,False,True
S0898,68710.8,38506.1,41.7,Pampeano profundo,28.54,False,False
S0899,65206.5,61456.5,33.2,Pampeano profundo,38.86,False,False
S0900,76626.2,76554.4,31.6,Pampeano profundo,24.98,False,False
S0901,63272.5,53073.7,54.4,Pampeano profundo,38.04,False,False
S0902,95504.5,52369.1,63.6,Arenas Puelches,23.13,False,False
S0903,40661.8,76463.9,29.3,Pampeano profundo,18.14,False,False
S0904,36927.6,10133.8,31.0,Pampeano profundo,12.4,False,False
S0905,8574.0,49241.3,49.0,Pampeano profundo,12.68,False,False
S0906,94287.4,56741.0,78.6,Arenas Puelches,22.58,False,False
S0907,8191.1,30804.3,20.2,Pampeano somero,13.02,True,False
S0908,91019.6,46931.7,31.3,Pampeano profundo,30.11,True,False
S0909,35461.4,35952.6,29.1,Pampeano profundo,12.82,False,False
S0910,99138.8,5597.2,36.9,Pampeano profundo,13.7,False,False
S0911,13135.2,30741.4,53.8,Pampeano profundo,11.15,True,False
S0912,24185.0,140.5,28.4,Pampeano profundo,11.45,False,False
S0913,79055.3,57327.6,74.8,Arenas Puelches,36.19,False,False
S0914,38917.1,71448.6,48.4,Pampeano profundo,15.81,False,False
S0915,44095.6,14289.9,55.8,Arenas Puelches,5.55,False,False
S0916,20100.0,71161.0,48.2,Pampeano profundo,14.05,False,False
S0917,15628.6,19766.9,27.3,Pampeano profundo,15.6,False,False
S0918,85865.6,2117.3,31.2,Pampeano profundo,20.79,False,False
S0919,59179.6,25511.4,56.8,Arenas Puelches,10.38,True,False
S0920,78621.9,35335.8,62.5,Arenas Puelches,19.22,False,False
S0921,36658.3,67161.9,47.8,Pampeano profundo,16.59,False,False
S0922,48668.8,46088.1,44.0,Pampeano profundo,20.79,False,False
S0923,91581.8,6713.3,50.4,Pampeano profundo,14.77,False,False
S0924,90524.4,16863.7,51.8,Pampeano profundo,16.97,False,False
S0925,59557.7,58000.7,28.6,Pampeano profundo,35.34,False,False
S0926,68141.4,39355.9,47.1,Pampeano profundo,27.55,False,False
S0927,7482.0,48569.7,39.1,Pampeano profundo,10.2,False,False
S0928,34404.2,11453.7,20.3,Pampeano somero,14.82,False,True
S0929,56731.2,46401.6,11.7,Pampeano somero,33.38,False,False
S0930,44196.5,25574.3,40.3,Pampeano profundo,14.78,True,False
S0931,30744.7,3801.6,16.6,Pampeano somero,14.69,False,False
S0932,70281.7,29826.9,17.5,Pampeano somero,23.44,False,False
S0933,23567.8,47358.4,19.5,Pampeano somero,16.44,False,False
S0934,91009.9,46296.9,51.4,Pampeano profundo,27.43,False,False
S0935,20708.9,24512.8,40.0,Pampeano profundo,11.39,False,False
S0936,71790.6,36432.3,47.6,Pampeano profundo,23.96,False,False
S0937,49432.8,26234.4,65.0,Arenas Puelches,7.93,False,False
S0938,73300.8,37691.3,53.3,Pampeano profundo,27.19,False,False
S0939,40556.4,63027.6,62.0,Arenas Puelches,10.93,False,False
S0940,35373.4,50880.2,44.7,Pampeano profundo,17.85,False,False
S0941,64437.6,35571.2,59.0,Arenas Puelches,20.2,True,False
S0942,96319.7,14324.8,69.1,Arenas Puelches,11.19,False,False
S0943,68851.1,18183.0,71.0,Arenas Puelches,11.7,False,False
S0944,1610.4,60490.6,35.5,Pampeano profundo,10.72,False,False
S0945,3091.4,23035.5,23.5,Pampeano somero,14.86,False,True
S0946,21330.7,55858.2,41.3,Pampeano profundo,13.92,False,False
S0947,35325.8,11800.1,59.1,Arenas Puelches,10.89,False,False
S0948,15947.4,11312.7,59.5,Arenas Puelches,4.84,False,False
S0949,95349.6,67488.5,51.1,Pampeano profundo,30.35,False,False
S0950,26577.9,52374.2,45.8,Pampeano profundo,14.62,False,False
S0951,45865.4,11696.0,63.3,Arenas Puelches,10.03,False,False
S0952,14069.1,72588.7,41.9,Pampeano profundo,11.94,False,False
S0953,30509.0,68040.2,50.1,Pampeano profundo,14.38,False,False
S0954,54581.3,44213.9,56.1,Arenas Puelches,25.53,False,False
S0955,41855.8,29573.1,40.3,Pampeano profundo,12.6,True,False
S0956,8886.4,17786.9,28.5,Pampeano profundo,8.06,False,False
S0957,74782.6,27123.2,77.7,Arenas Puelches,18.19,False,False
S0958,96959.3,55695.6,42.4,Pampeano profundo,25.24,False,False
S0959,23554.0,16289.8,27.6,Pampeano profundo,11.9,False,False
S0960,22157.7,60273.7,37.5,Pampeano profundo,11.57,False,False
S0961,75521.6,77809.8,49.0,Pampeano profundo,22.97,False,True
S0962,45420.5,58311.8,47.1,Pampeano profundo,19.87,False,False
S0963,4037.1,6212.9,34.4,Pampeano profundo,8.1,False,False
S0964,4814.0,20256.7,44.8,Pampeano profundo,7.68,False,False
S0965,98137.7,9480.0,71.1,Arenas Puelches,10.93,False,False
S0966,72334.4,46903.0,42.6,Pampeano profundo,38.54,False,False
S0967,51531.5,20052.9,44.7,Pampeano profundo,11.79,True,False
S0968,15816.6,24209.5,57.3,Arenas Puelches,6.53,False,False
S0969,91034.3,2294.4,36.4,Pampeano profundo,16.55,False,False
S0970,37517.1,51226.5,27.6,Pampeano profundo,14.38,False,False
S0971,32813.0,55040.1,33.3,Pampeano profundo,13.88,False,False
S0972,79005.9,44791.2,46.1,Pampeano profundo,33.61,False,False
S0973,81817.1,8544.8,59.0,Arenas Puelches,20.8,False,False
S0974,1925.6,56085.9,17.8,Pampeano somero,15.15,False,False
S0975,55020.6,74285.1,36.2,Pampeano profundo,19.65,False,False
S0976,35102.6,72408.9,28.3,Pampeano profundo,14.77,False,False
S0977,97028.2,77385.3,29.8,Pampeano profundo,19.63,False,False
S0978,31454.8,69855.9,25.7,Pampeano profundo,13.09,False,False
S0979,30066.0,56700.6,50.9,Pampeano profundo,15.94,True,False
S0980,65838.7,14088.5,47.2,Pampeano profundo,13.81,False,False
S0981,90374.0,79850.4,50.8,Pampeano profundo,21.03,False,False
S0982,64204.9,17548.6,53.4,Pampeano profundo,15.89,False,False
S0983,55982.5,30776.6,50.2,Pampeano profundo,20.95,False,False
S0984,12078.5,75193.2,44.8,Pampeano profundo,12.2,False,False
S0985,25708.3,79551.3,64.9,Arenas Puelches,7.02,False,False
S0986,79883.1,24803.9,56.0,Arenas Puelches,11.99,False,False
S0987,13610.5,75095.9,8.0,Pampeano somero,17.29,False,False
S0988,94023.2,12978.7,56.4,Arenas Puelches,10.7,True,False
S0989,94734.4,18788.6,61.5,Arenas Puelches,12.36,False,False
S0990,63905.3,4903.9,51.9,Pampeano profundo,12.29,False,False
S0991,30221.9,55102.9,34.1,Pampeano profundo,17.37,False,False
S0992,92410.4,5829.7,36.2,Pampeano profundo,16.12,False,False
S0993,79759.7,44327.3,48.1,Pampeano profundo,32.19,True,False
S0994,73699.0,35051.9,55.3,Arenas Puelches,18.99,False,False
S0995,14165.1,24622.5,50.6,Pampeano profundo,10.98,False,False
S0996,61046.5,58269.3,22.2,Pampeano somero,41.86,False,False
S0997,81735.1,51241.7,52.0,Pampeano profundo,41.28,False,False
S0998,23181.3,28386.0,56.8,Arenas Puelches,4.76,False,False
S0999,25851.4,17073.6,50.7,Pampeano profundo,9.1,False,False
S1000,44752.0,66725.8,75.3,Arenas Puelches,15.43,False,False
